INFO,Executing get apointments function,2024-12-18,11:33:39
INFO,Executing get apointments function,2024-12-18,11:35:52
INFO,Executing get apointments function,2024-12-18,12:26:56
INFO,Executing get apointments function,2024-12-18,12:36:20
INFO,Executing get apointments function,2024-12-18,01:50:57
INFO,Executing get apointments function,2024-12-18,03:18:25
INFO,Executing get apointments function,2024-12-18,03:19:24
INFO,Executing get apointments function,2024-12-18,03:20:02
INFO,Executing get apointments function,2024-12-18,03:20:18
INFO,Executing get apointments function,2024-12-18,03:31:08
INFO,Executing get apointments function,2024-12-18,03:33:13
INFO,Executing get apointments function,2024-12-27,12:06:41
INFO,Executing get apointments function,2024-12-27,12:24:16
